{
  "go": {
    "precision": 1.0,
    "recall": 1.0,
    "f1-score": 1.0,
    "support": 46.0
  },
  "stop": {
    "precision": 1.0,
    "recall": 0.30434782608695654,
    "f1-score": 0.4666666666666667,
    "support": 46.0
  },
  "left": {
    "precision": 0.9411764705882353,
    "recall": 0.96,
    "f1-score": 0.9504950495049505,
    "support": 50.0
  },
  "right": {
    "precision": 0.8333333333333334,
    "recall": 0.9782608695652174,
    "f1-score": 0.9,
    "support": 46.0
  },
  "null": {
    "precision": 0.5942028985507246,
    "recall": 0.8913043478260869,
    "f1-score": 0.7130434782608696,
    "support": 46.0
  },
  "accuracy": 0.8290598290598291,
  "macro avg": {
    "precision": 0.8737425404944588,
    "recall": 0.8267826086956521,
    "f1-score": 0.8060410388864974,
    "support": 234.0
  },
  "weighted avg": {
    "precision": 0.8748952572481985,
    "recall": 0.8290598290598291,
    "f1-score": 0.8085103382133085,
    "support": 234.0
  }
}