{
  "go": {
    "precision": 0.9655172413793104,
    "recall": 0.9032258064516129,
    "f1-score": 0.9333333333333333,
    "support": 31.0
  },
  "stop": {
    "precision": 0.8928571428571429,
    "recall": 0.8064516129032258,
    "f1-score": 0.847457627118644,
    "support": 31.0
  },
  "left": {
    "precision": 0.18333333333333332,
    "recall": 0.3235294117647059,
    "f1-score": 0.23404255319148937,
    "support": 34.0
  },
  "right": {
    "precision": 0.0,
    "recall": 0.0,
    "f1-score": 0.0,
    "support": 32.0
  },
  "null": {
    "precision": 0.4358974358974359,
    "recall": 0.5483870967741935,
    "f1-score": 0.4857142857142857,
    "support": 31.0
  },
  "accuracy": 0.5094339622641509,
  "macro avg": {
    "precision": 0.4955210306934445,
    "recall": 0.5163187855787477,
    "f1-score": 0.5001095598715505,
    "support": 159.0
  },
  "weighted avg": {
    "precision": 0.48651421231121944,
    "recall": 0.5094339622641509,
    "f1-score": 0.49194408452619376,
    "support": 159.0
  }
}