{
  "run_name": "20260320_190853__FT_CNN__lr_1e-04__ep_15__body+hand__top_level_ft_sweep__n_100",
  "mode": "finetuning",
  "finetune_train_loss_last": 1.252601124048233,
  "finetune_train_acc_last": 0.53,
  "finetune_val_loss_last": 1.1026095896022126,
  "finetune_val_acc_last": 0.5094339622641509,
  "val_loss": 1.1026095896022126,
  "val_acc": 0.5094339622641509,
  "val_precision_macro": 0.4955210306934445,
  "val_recall_macro": 0.5163187855787477,
  "val_f1_macro": 0.5001095598715505,
  "val_precision_weighted": 0.48651421231121944,
  "val_recall_weighted": 0.5094339622641509,
  "val_f1_weighted": 0.49194408452619376,
  "finetune_num_samples": 100,
  "early_stopped": false,
  "best_epoch": 15
}