{
  "go": {
    "precision": 1.0,
    "recall": 0.9090909090909091,
    "f1-score": 0.9523809523809523,
    "support": 22.0
  },
  "stop": {
    "precision": 0.9230769230769231,
    "recall": 0.5714285714285714,
    "f1-score": 0.7058823529411765,
    "support": 21.0
  },
  "left": {
    "precision": 0.1951219512195122,
    "recall": 0.34782608695652173,
    "f1-score": 0.25,
    "support": 23.0
  },
  "right": {
    "precision": 0.0,
    "recall": 0.0,
    "f1-score": 0.0,
    "support": 22.0
  },
  "null": {
    "precision": 0.45454545454545453,
    "recall": 0.7142857142857143,
    "f1-score": 0.5555555555555556,
    "support": 21.0
  },
  "accuracy": 0.5045871559633027,
  "macro avg": {
    "precision": 0.514548865768378,
    "recall": 0.5085262563523433,
    "f1-score": 0.4927637721755369,
    "support": 109.0
  },
  "weighted avg": {
    "precision": 0.5084208697992543,
    "recall": 0.5045871559633027,
    "f1-score": 0.4880052938606636,
    "support": 109.0
  }
}