{
  "go": {
    "precision": 0.8125,
    "recall": 1.0,
    "f1-score": 0.896551724137931,
    "support": 13.0
  },
  "stop": {
    "precision": 1.0,
    "recall": 0.875,
    "f1-score": 0.9333333333333333,
    "support": 16.0
  },
  "left": {
    "precision": 1.0,
    "recall": 0.9375,
    "f1-score": 0.967741935483871,
    "support": 16.0
  },
  "right": {
    "precision": 1.0,
    "recall": 0.9375,
    "f1-score": 0.967741935483871,
    "support": 16.0
  },
  "null": {
    "precision": 0.9375,
    "recall": 1.0,
    "f1-score": 0.967741935483871,
    "support": 15.0
  },
  "accuracy": 0.9473684210526315,
  "macro avg": {
    "precision": 0.95,
    "recall": 0.95,
    "f1-score": 0.9466221727845754,
    "support": 76.0
  },
  "weighted avg": {
    "precision": 0.9555921052631579,
    "recall": 0.9473684210526315,
    "f1-score": 0.948320746248268,
    "support": 76.0
  }
}