run_name,train_loss_last,train_acc_last,val_loss_last,val_acc_last,test_loss,test_acc,test_precision_macro,test_recall_macro,test_f1_macro,test_precision_weighted,test_recall_weighted,test_f1_weighted
20260320_162327__CNN__lr_1e-04__ep_400__body+hand__early_fusion,0.2712746689517723,0.9484240687679083,0.1896006457010905,0.9466666666666667,0.18853726002730822,0.9473684210526315,0.95,0.95,0.9466221727845754,0.9555921052631579,0.9473684210526315,0.948320746248268
