{
  "go": {
    "precision": 0.8125,
    "recall": 1.0,
    "f1-score": 0.896551724137931,
    "support": 13.0
  },
  "stop": {
    "precision": 1.0,
    "recall": 0.9375,
    "f1-score": 0.967741935483871,
    "support": 16.0
  },
  "left": {
    "precision": 1.0,
    "recall": 0.9375,
    "f1-score": 0.967741935483871,
    "support": 16.0
  },
  "right": {
    "precision": 1.0,
    "recall": 0.9375,
    "f1-score": 0.967741935483871,
    "support": 16.0
  },
  "null": {
    "precision": 1.0,
    "recall": 1.0,
    "f1-score": 1.0,
    "support": 15.0
  },
  "accuracy": 0.9605263157894737,
  "macro avg": {
    "precision": 0.9625,
    "recall": 0.9625,
    "f1-score": 0.9599555061179089,
    "support": 76.0
  },
  "weighted avg": {
    "precision": 0.9679276315789473,
    "recall": 0.9605263157894737,
    "f1-score": 0.9619313857502487,
    "support": 76.0
  }
}