run_name,train_loss_last,train_acc_last,val_loss_last,val_acc_last,test_loss,test_acc,test_precision_macro,test_recall_macro,test_f1_macro,test_precision_weighted,test_recall_weighted,test_f1_weighted
20260320_182331__CNN__lr_1e-04__ep_400__body+hand__early_fusion,0.2676064314422088,0.9627507163323782,0.21543730656305948,0.96,0.19301447546795794,0.9605263157894737,0.9625,0.9625,0.9599555061179089,0.9679276315789473,0.9605263157894737,0.9619313857502487
