{
  "go": {
    "precision": 1.0,
    "recall": 1.0,
    "f1-score": 1.0,
    "support": 43.0
  },
  "stop": {
    "precision": 0.9459459459459459,
    "recall": 0.813953488372093,
    "f1-score": 0.875,
    "support": 43.0
  },
  "left": {
    "precision": 0.9722222222222222,
    "recall": 0.7446808510638298,
    "f1-score": 0.8433734939759037,
    "support": 47.0
  },
  "right": {
    "precision": 0.7049180327868853,
    "recall": 1.0,
    "f1-score": 0.8269230769230769,
    "support": 43.0
  },
  "null": {
    "precision": 0.8809523809523809,
    "recall": 0.8604651162790697,
    "f1-score": 0.8705882352941177,
    "support": 43.0
  },
  "accuracy": 0.8812785388127854,
  "macro avg": {
    "precision": 0.9008077163814869,
    "recall": 0.8838198911429986,
    "f1-score": 0.8831769612386197,
    "support": 219.0
  },
  "weighted avg": {
    "precision": 0.9021120909173909,
    "recall": 0.8812785388127854,
    "f1-score": 0.8824499572703509,
    "support": 219.0
  }
}