{
  "go": {
    "precision": 1.0,
    "recall": 1.0,
    "f1-score": 1.0,
    "support": 47.0
  },
  "stop": {
    "precision": 0.8431372549019608,
    "recall": 0.9148936170212766,
    "f1-score": 0.8775510204081632,
    "support": 47.0
  },
  "left": {
    "precision": 0.9705882352941176,
    "recall": 0.6470588235294118,
    "f1-score": 0.7764705882352941,
    "support": 51.0
  },
  "right": {
    "precision": 0.6527777777777778,
    "recall": 1.0,
    "f1-score": 0.7899159663865546,
    "support": 47.0
  },
  "null": {
    "precision": 1.0,
    "recall": 0.7446808510638298,
    "f1-score": 0.8536585365853658,
    "support": 47.0
  },
  "accuracy": 0.8577405857740585,
  "macro avg": {
    "precision": 0.8933006535947712,
    "recall": 0.8613266583229036,
    "f1-score": 0.8595192223230755,
    "support": 239.0
  },
  "weighted avg": {
    "precision": 0.8945941696064758,
    "recall": 0.8577405857740585,
    "f1-score": 0.8581292870245353,
    "support": 239.0
  }
}