{
  "go": {
    "precision": 1.0,
    "recall": 0.9512195121951219,
    "f1-score": 0.975,
    "support": 41.0
  },
  "stop": {
    "precision": 0.918918918918919,
    "recall": 0.8292682926829268,
    "f1-score": 0.8717948717948718,
    "support": 41.0
  },
  "left": {
    "precision": 0.9148936170212766,
    "recall": 0.9555555555555556,
    "f1-score": 0.9347826086956522,
    "support": 45.0
  },
  "right": {
    "precision": 0.8666666666666667,
    "recall": 0.9512195121951219,
    "f1-score": 0.9069767441860465,
    "support": 41.0
  },
  "null": {
    "precision": 0.8780487804878049,
    "recall": 0.8780487804878049,
    "f1-score": 0.8780487804878049,
    "support": 41.0
  },
  "accuracy": 0.9138755980861244,
  "macro avg": {
    "precision": 0.9157055966189335,
    "recall": 0.9130623306233062,
    "f1-score": 0.913320601032875,
    "support": 209.0
  },
  "weighted avg": {
    "precision": 0.9156900563395524,
    "recall": 0.9138755980861244,
    "f1-score": 0.9137313571603922,
    "support": 209.0
  }
}