{
  "go": {
    "precision": 1.0,
    "recall": 1.0,
    "f1-score": 1.0,
    "support": 31.0
  },
  "stop": {
    "precision": 0.9583333333333334,
    "recall": 0.7419354838709677,
    "f1-score": 0.8363636363636363,
    "support": 31.0
  },
  "left": {
    "precision": 1.0,
    "recall": 0.9117647058823529,
    "f1-score": 0.9538461538461539,
    "support": 34.0
  },
  "right": {
    "precision": 0.8421052631578947,
    "recall": 1.0,
    "f1-score": 0.9142857142857143,
    "support": 32.0
  },
  "null": {
    "precision": 0.8285714285714286,
    "recall": 0.9354838709677419,
    "f1-score": 0.8787878787878788,
    "support": 31.0
  },
  "accuracy": 0.9182389937106918,
  "macro avg": {
    "precision": 0.9258020050125314,
    "recall": 0.9178368121442124,
    "f1-score": 0.9166566766566767,
    "support": 159.0
  },
  "weighted avg": {
    "precision": 0.9266755725792469,
    "recall": 0.9182389937106918,
    "f1-score": 0.9173434531925097,
    "support": 159.0
  }
}