{
  "go": {
    "precision": 1.0,
    "recall": 1.0,
    "f1-score": 1.0,
    "support": 43.0
  },
  "stop": {
    "precision": 0.9459459459459459,
    "recall": 0.813953488372093,
    "f1-score": 0.875,
    "support": 43.0
  },
  "left": {
    "precision": 0.9666666666666667,
    "recall": 0.6170212765957447,
    "f1-score": 0.7532467532467533,
    "support": 47.0
  },
  "right": {
    "precision": 0.6417910447761194,
    "recall": 1.0,
    "f1-score": 0.7818181818181819,
    "support": 43.0
  },
  "null": {
    "precision": 0.8809523809523809,
    "recall": 0.8604651162790697,
    "f1-score": 0.8705882352941177,
    "support": 43.0
  },
  "accuracy": 0.8538812785388128,
  "macro avg": {
    "precision": 0.8870712076682226,
    "recall": 0.8582879762493816,
    "f1-score": 0.8561306340718104,
    "support": 219.0
  },
  "weighted avg": {
    "precision": 0.8885250060060937,
    "recall": 0.8538812785388128,
    "f1-score": 0.8542514764311703,
    "support": 219.0
  }
}