{
  "run_name": "20260320_152647__CNN__lr_1e-04__ep_400__body__early_fusion",
  "train_loss_last": 0.2829223504893076,
  "train_acc_last": 0.9455587392550143,
  "val_loss_last": 0.22769561489423115,
  "val_acc_last": 0.96,
  "test_loss": 0.22565360916288277,
  "test_acc": 0.9342105263157895,
  "test_precision_macro": 0.9389705882352942,
  "test_recall_macro": 0.9375,
  "test_f1_macro": 0.9332174638487208,
  "test_precision_weighted": 0.9447078173374613,
  "test_recall_weighted": 0.9342105263157895,
  "test_f1_weighted": 0.9346084465195247
}