{
  "go": {
    "precision": 0.7222222222222222,
    "recall": 1.0,
    "f1-score": 0.8387096774193549,
    "support": 13.0
  },
  "stop": {
    "precision": 1.0,
    "recall": 0.9375,
    "f1-score": 0.967741935483871,
    "support": 16.0
  },
  "left": {
    "precision": 1.0,
    "recall": 0.875,
    "f1-score": 0.9333333333333333,
    "support": 16.0
  },
  "right": {
    "precision": 1.0,
    "recall": 0.9375,
    "f1-score": 0.967741935483871,
    "support": 16.0
  },
  "null": {
    "precision": 1.0,
    "recall": 0.9333333333333333,
    "f1-score": 0.9655172413793104,
    "support": 15.0
  },
  "accuracy": 0.9342105263157895,
  "macro avg": {
    "precision": 0.9444444444444444,
    "recall": 0.9366666666666668,
    "f1-score": 0.9346088246199482,
    "support": 76.0
  },
  "weighted avg": {
    "precision": 0.952485380116959,
    "recall": 0.9342105263157895,
    "f1-score": 0.937987627578401,
    "support": 76.0
  }
}