run_name,train_loss_last,train_acc_last,val_loss_last,val_acc_last,test_loss,test_acc,test_precision_macro,test_recall_macro,test_f1_macro,test_precision_weighted,test_recall_weighted,test_f1_weighted
20260320_162151__CNN__lr_1e-04__ep_400__body+hand__early_fusion,0.2909306217742854,0.9484240687679083,0.18202378273010253,0.96,0.1747632132549035,0.9736842105263158,0.9733333333333334,0.975,0.9728110599078341,0.9771929824561404,0.9736842105263158,0.9741996119330585
