{
  "go": {
    "precision": 0.975,
    "recall": 0.8297872340425532,
    "f1-score": 0.896551724137931,
    "support": 47.0
  },
  "stop": {
    "precision": 0.8863636363636364,
    "recall": 0.8297872340425532,
    "f1-score": 0.8571428571428571,
    "support": 47.0
  },
  "left": {
    "precision": 0.1978021978021978,
    "recall": 0.35294117647058826,
    "f1-score": 0.2535211267605634,
    "support": 51.0
  },
  "right": {
    "precision": 0.0,
    "recall": 0.0,
    "f1-score": 0.0,
    "support": 47.0
  },
  "null": {
    "precision": 0.42857142857142855,
    "recall": 0.5106382978723404,
    "f1-score": 0.46601941747572817,
    "support": 47.0
  },
  "accuracy": 0.502092050209205,
  "macro avg": {
    "precision": 0.49754745254745253,
    "recall": 0.5046307884856069,
    "f1-score": 0.494647025103416,
    "support": 239.0
  },
  "weighted avg": {
    "precision": 0.49253079556426826,
    "recall": 0.502092050209205,
    "f1-score": 0.49061144521483263,
    "support": 239.0
  }
}