{
  "run_name": "20260320_190842__FT_CNN__lr_1e-04__ep_15__body+hand__top_level_ft_sweep__n_20",
  "mode": "finetuning",
  "finetune_train_loss_last": 2.2117537021636964,
  "finetune_train_acc_last": 0.2,
  "finetune_val_loss_last": 1.5349706711878837,
  "finetune_val_acc_last": 0.502092050209205,
  "val_loss": 1.531724617196925,
  "val_acc": 0.502092050209205,
  "val_precision_macro": 0.49754745254745253,
  "val_recall_macro": 0.5046307884856069,
  "val_f1_macro": 0.494647025103416,
  "val_precision_weighted": 0.49253079556426826,
  "val_recall_weighted": 0.502092050209205,
  "val_f1_weighted": 0.49061144521483263,
  "finetune_num_samples": 20,
  "early_stopped": false,
  "best_epoch": 14
}