run_name,train_loss_last,train_acc_last,val_loss_last,val_acc_last,test_loss,test_acc,test_precision_macro,test_recall_macro,test_f1_macro,test_precision_weighted,test_recall_weighted,test_f1_weighted
20260320_162231__CNN__lr_1e-04__ep_400__body+hand__early_fusion,0.3224721437368147,0.9684813753581661,0.22647662123044332,0.96,0.22354481408470556,0.9605263157894737,0.9608333333333334,0.9625,0.9599078341013826,0.9648574561403509,0.9605263157894737,0.9610417171962163
