{
  "run_name": "20260320_162231__CNN__lr_1e-04__ep_400__body+hand__early_fusion",
  "train_loss_last": 0.3224721437368147,
  "train_acc_last": 0.9684813753581661,
  "val_loss_last": 0.22647662123044332,
  "val_acc_last": 0.96,
  "test_loss": 0.22354481408470556,
  "test_acc": 0.9605263157894737,
  "test_precision_macro": 0.9608333333333334,
  "test_recall_macro": 0.9625,
  "test_f1_macro": 0.9599078341013826,
  "test_precision_weighted": 0.9648574561403509,
  "test_recall_weighted": 0.9605263157894737,
  "test_f1_weighted": 0.9610417171962163
}