{
  "run_name": "20260320_184914__ADDCLS_CNN__lr_1e-04__ep_400__body+hand__add_new_class_sweep__new_sit__n_60",
  "new_class_name": "sit",
  "new_class_train_samples": 60,
  "init_mode": "expand_from_checkpoint",
  "train_loss_last": 0.09296454013120838,
  "train_acc_last": 0.9780487804878049,
  "val_loss_last": 0.1028665973080529,
  "val_acc_last": 0.9777777777777777,
  "test_loss": 0.050163651151316505,
  "test_acc": 0.978021978021978,
  "test_precision_macro": 0.9782913165266107,
  "test_recall_macro": 0.9784722222222223,
  "test_f1_macro": 0.977653184920519,
  "test_precision_weighted": 0.9794533197894543,
  "test_recall_weighted": 0.978021978021978,
  "test_f1_weighted": 0.9780252705725453,
  "early_stopped": true,
  "best_epoch": 44
}