{
  "go": {
    "precision": 1.0,
    "recall": 1.0,
    "f1-score": 1.0,
    "support": 31.0
  },
  "stop": {
    "precision": 0.9259259259259259,
    "recall": 0.8064516129032258,
    "f1-score": 0.8620689655172413,
    "support": 31.0
  },
  "left": {
    "precision": 1.0,
    "recall": 0.9411764705882353,
    "f1-score": 0.9696969696969697,
    "support": 34.0
  },
  "right": {
    "precision": 0.8648648648648649,
    "recall": 1.0,
    "f1-score": 0.927536231884058,
    "support": 32.0
  },
  "null": {
    "precision": 0.875,
    "recall": 0.9032258064516129,
    "f1-score": 0.8888888888888888,
    "support": 31.0
  },
  "accuracy": 0.9308176100628931,
  "macro avg": {
    "precision": 0.9331581581581581,
    "recall": 0.9301707779886147,
    "f1-score": 0.9296382111974315,
    "support": 159.0
  },
  "weighted avg": {
    "precision": 0.9339898074174803,
    "recall": 0.9308176100628931,
    "f1-score": 0.9303808168338168,
    "support": 159.0
  }
}