run_name,train_loss_last,train_acc_last,val_loss_last,val_acc_last,test_loss,test_acc,test_precision_macro,test_recall_macro,test_f1_macro,test_precision_weighted,test_recall_weighted,test_f1_weighted
20260320_153729__LSTM__lr_3e-04__ep_400__body__early_fusion,1.466482720948905,0.3524355300859599,1.515263220469157,0.37333333333333335,1.4929645186976384,0.3026315789473684,0.26482352941176474,0.31269230769230766,0.2580320366132723,0.25784055727554184,0.3026315789473684,0.25020474527279296
