{
  "go": {
    "precision": 1.0,
    "recall": 1.0,
    "f1-score": 1.0,
    "support": 41.0
  },
  "stop": {
    "precision": 0.9696969696969697,
    "recall": 0.7804878048780488,
    "f1-score": 0.8648648648648649,
    "support": 41.0
  },
  "left": {
    "precision": 0.9772727272727273,
    "recall": 0.9555555555555556,
    "f1-score": 0.9662921348314607,
    "support": 45.0
  },
  "right": {
    "precision": 0.8723404255319149,
    "recall": 1.0,
    "f1-score": 0.9318181818181818,
    "support": 41.0
  },
  "null": {
    "precision": 0.8409090909090909,
    "recall": 0.9024390243902439,
    "f1-score": 0.8705882352941177,
    "support": 41.0
  },
  "accuracy": 0.9282296650717703,
  "macro avg": {
    "precision": 0.9320438426821406,
    "recall": 0.9276964769647696,
    "f1-score": 0.9267126833617251,
    "support": 209.0
  },
  "weighted avg": {
    "precision": 0.9329094672676063,
    "recall": 0.9282296650717703,
    "f1-score": 0.9274701848252604,
    "support": 209.0
  }
}