{
  "run_name": "20260320_182843__FT_CNN__lr_0p01__ep_200__body+hand__classifier_head_only__n_50",
  "mode": "finetuning",
  "finetune_train_loss_last": 0.7203736686706543,
  "finetune_train_acc_last": 0.76,
  "finetune_val_loss_last": 0.32911316055857964,
  "finetune_val_acc_last": 0.9234449760765551,
  "val_loss": 0.3185958590015377,
  "val_acc": 0.9282296650717703,
  "val_precision_macro": 0.9320438426821406,
  "val_recall_macro": 0.9276964769647696,
  "val_f1_macro": 0.9267126833617251,
  "val_precision_weighted": 0.9329094672676063,
  "val_recall_weighted": 0.9282296650717703,
  "val_f1_weighted": 0.9274701848252604,
  "finetune_num_samples": 50,
  "early_stopped": true,
  "best_epoch": 20
}