{
  "run_name": "20260320_161830__CNN__lr_1e-04__ep_400__body+hand__early_fusion",
  "train_loss_last": 0.22048518078716572,
  "train_acc_last": 0.9684813753581661,
  "val_loss_last": 0.18409063319365185,
  "val_acc_last": 0.96,
  "test_loss": 0.14814389693109611,
  "test_acc": 0.9605263157894737,
  "test_precision_macro": 0.9625,
  "test_recall_macro": 0.9625,
  "test_f1_macro": 0.9599555061179089,
  "test_precision_weighted": 0.9679276315789473,
  "test_recall_weighted": 0.9605263157894737,
  "test_f1_weighted": 0.9619313857502487
}