run_name,train_loss_last,train_acc_last,val_loss_last,val_acc_last,test_loss,test_acc,test_precision_macro,test_recall_macro,test_f1_macro,test_precision_weighted,test_recall_weighted,test_f1_weighted
20260320_161830__CNN__lr_1e-04__ep_400__body+hand__early_fusion,0.22048518078716572,0.9684813753581661,0.18409063319365185,0.96,0.14814389693109611,0.9605263157894737,0.9625,0.9625,0.9599555061179089,0.9679276315789473,0.9605263157894737,0.9619313857502487
