run_name,train_loss_last,train_acc_last,val_loss_last,val_acc_last,test_loss,test_acc,test_precision_macro,test_recall_macro,test_f1_macro,test_precision_weighted,test_recall_weighted,test_f1_weighted
20260320_152516__CNN__lr_1e-04__ep_400__hand__early_fusion,0.06773842631019972,0.994269340974212,0.15840378458301227,0.96,0.1597929463574761,0.9473684210526315,0.9559210526315789,0.9442307692307693,0.9468356374807987,0.9544234764542936,0.9473684210526315,0.9477514350392109
