{
  "go": {
    "precision": 1.0,
    "recall": 1.0,
    "f1-score": 1.0,
    "support": 12.0
  },
  "stop": {
    "precision": 0.8,
    "recall": 0.7272727272727273,
    "f1-score": 0.7619047619047619,
    "support": 11.0
  },
  "left": {
    "precision": 1.0,
    "recall": 0.9166666666666666,
    "f1-score": 0.9565217391304348,
    "support": 12.0
  },
  "right": {
    "precision": 0.8,
    "recall": 1.0,
    "f1-score": 0.8888888888888888,
    "support": 12.0
  },
  "null": {
    "precision": 0.9090909090909091,
    "recall": 0.8333333333333334,
    "f1-score": 0.8695652173913043,
    "support": 12.0
  },
  "accuracy": 0.8983050847457628,
  "macro avg": {
    "precision": 0.9018181818181817,
    "recall": 0.8954545454545455,
    "f1-score": 0.8953761214630779,
    "support": 59.0
  },
  "weighted avg": {
    "precision": 0.9035439137134051,
    "recall": 0.8983050847457628,
    "f1-score": 0.8976383478962697,
    "support": 59.0
  }
}