{
  "run_name": "20260320_191017__FT_CNN__lr_0p01__ep_200__body+hand__top_level_ft_sweep__n_200",
  "mode": "finetuning",
  "finetune_train_loss_last": 0.5662554737739265,
  "finetune_train_acc_last": 0.8,
  "finetune_val_loss_last": 0.30254488223690096,
  "finetune_val_acc_last": 0.9152542372881356,
  "val_loss": 0.26700984017323637,
  "val_acc": 0.8983050847457628,
  "val_precision_macro": 0.9018181818181817,
  "val_recall_macro": 0.8954545454545455,
  "val_f1_macro": 0.8953761214630779,
  "val_precision_weighted": 0.9035439137134051,
  "val_recall_weighted": 0.8983050847457628,
  "val_f1_weighted": 0.8976383478962697,
  "finetune_num_samples": 200,
  "early_stopped": true,
  "best_epoch": 44
}