{
  "go": {
    "precision": 1.0,
    "recall": 1.0,
    "f1-score": 1.0,
    "support": 49.0
  },
  "stop": {
    "precision": 1.0,
    "recall": 0.6326530612244898,
    "f1-score": 0.775,
    "support": 49.0
  },
  "left": {
    "precision": 0.813953488372093,
    "recall": 0.660377358490566,
    "f1-score": 0.7291666666666666,
    "support": 53.0
  },
  "right": {
    "precision": 0.6233766233766234,
    "recall": 0.9795918367346939,
    "f1-score": 0.7619047619047619,
    "support": 49.0
  },
  "null": {
    "precision": 0.7959183673469388,
    "recall": 0.7959183673469388,
    "f1-score": 0.7959183673469388,
    "support": 49.0
  },
  "accuracy": 0.8112449799196787,
  "macro avg": {
    "precision": 0.8466496958191311,
    "recall": 0.8137081247593377,
    "f1-score": 0.8123979591836734,
    "support": 249.0
  },
  "weighted avg": {
    "precision": 0.8461244555388573,
    "recall": 0.8112449799196787,
    "f1-score": 0.8110609103078982,
    "support": 249.0
  }
}