{
  "go": {
    "precision": 0.9696969696969697,
    "recall": 0.9142857142857143,
    "f1-score": 0.9411764705882353,
    "support": 35.0
  },
  "stop": {
    "precision": 0.8787878787878788,
    "recall": 0.8285714285714286,
    "f1-score": 0.8529411764705882,
    "support": 35.0
  },
  "left": {
    "precision": 0.19696969696969696,
    "recall": 0.34210526315789475,
    "f1-score": 0.25,
    "support": 38.0
  },
  "right": {
    "precision": 0.0,
    "recall": 0.0,
    "f1-score": 0.0,
    "support": 36.0
  },
  "null": {
    "precision": 0.45454545454545453,
    "recall": 0.5714285714285714,
    "f1-score": 0.5063291139240507,
    "support": 35.0
  },
  "accuracy": 0.5251396648044693,
  "macro avg": {
    "precision": 0.5,
    "recall": 0.5312781954887218,
    "f1-score": 0.5100893521965748,
    "support": 179.0
  },
  "weighted avg": {
    "precision": 0.4921279837480954,
    "recall": 0.5251396648044693,
    "f1-score": 0.50288065158883,
    "support": 179.0
  }
}