{
  "run_name": "20260320_190835__FT_CNN__lr_1e-04__ep_15__body+hand__top_level_ft_sweep__n_5",
  "mode": "finetuning",
  "finetune_train_loss_last": 1.0964759826660155,
  "finetune_train_acc_last": 0.8,
  "finetune_val_loss_last": 1.9428626905510744,
  "finetune_val_acc_last": 0.468503937007874,
  "val_loss": 1.932571281598309,
  "val_acc": 0.4763779527559055,
  "val_precision_macro": 0.4938855876249765,
  "val_recall_macro": 0.4786666666666667,
  "val_f1_macro": 0.4774600136705399,
  "val_precision_weighted": 0.48906061774111853,
  "val_recall_weighted": 0.4763779527559055,
  "val_f1_weighted": 0.4737204858962007,
  "finetune_num_samples": 5,
  "early_stopped": false,
  "best_epoch": 14
}