{
  "go": {
    "precision": 1.0,
    "recall": 1.0,
    "f1-score": 1.0,
    "support": 22.0
  },
  "stop": {
    "precision": 0.8666666666666667,
    "recall": 0.6190476190476191,
    "f1-score": 0.7222222222222222,
    "support": 21.0
  },
  "left": {
    "precision": 1.0,
    "recall": 0.9565217391304348,
    "f1-score": 0.9777777777777777,
    "support": 23.0
  },
  "right": {
    "precision": 0.8461538461538461,
    "recall": 1.0,
    "f1-score": 0.9166666666666666,
    "support": 22.0
  },
  "null": {
    "precision": 0.75,
    "recall": 0.8571428571428571,
    "f1-score": 0.8,
    "support": 21.0
  },
  "accuracy": 0.8899082568807339,
  "macro avg": {
    "precision": 0.8925641025641026,
    "recall": 0.8865424430641822,
    "f1-score": 0.8833333333333334,
    "support": 109.0
  },
  "weighted avg": {
    "precision": 0.8950952717007763,
    "recall": 0.8899082568807339,
    "f1-score": 0.8864424057084608,
    "support": 109.0
  }
}