{
  "go": {
    "precision": 0.75,
    "recall": 0.6923076923076923,
    "f1-score": 0.72,
    "support": 13.0
  },
  "stop": {
    "precision": 0.7142857142857143,
    "recall": 0.9375,
    "f1-score": 0.8108108108108109,
    "support": 16.0
  },
  "left": {
    "precision": 1.0,
    "recall": 0.875,
    "f1-score": 0.9333333333333333,
    "support": 16.0
  },
  "right": {
    "precision": 0.8823529411764706,
    "recall": 0.9375,
    "f1-score": 0.9090909090909091,
    "support": 16.0
  },
  "null": {
    "precision": 0.9166666666666666,
    "recall": 0.7333333333333333,
    "f1-score": 0.8148148148148148,
    "support": 15.0
  },
  "accuracy": 0.8421052631578947,
  "macro avg": {
    "precision": 0.8526610644257703,
    "recall": 0.8351282051282052,
    "f1-score": 0.8376099736099736,
    "support": 76.0
  },
  "weighted avg": {
    "precision": 0.8558712958867757,
    "recall": 0.8421052631578947,
    "f1-score": 0.8425524088681984,
    "support": 76.0
  }
}