{
  "run_name": "20260320_153442__CNN__lr_0p01__ep_400__body__early_fusion",
  "train_loss_last": 0.5265137235551304,
  "train_acc_last": 0.8166189111747851,
  "val_loss_last": 0.3922758849461873,
  "val_acc_last": 0.8933333333333333,
  "test_loss": 0.47673753060792623,
  "test_acc": 0.8421052631578947,
  "test_precision_macro": 0.8526610644257703,
  "test_recall_macro": 0.8351282051282052,
  "test_f1_macro": 0.8376099736099736,
  "test_precision_weighted": 0.8558712958867757,
  "test_recall_weighted": 0.8421052631578947,
  "test_f1_weighted": 0.8425524088681984
}