run_name,train_loss_last,train_acc_last,val_loss_last,val_acc_last,test_loss,test_acc,test_precision_macro,test_recall_macro,test_f1_macro,test_precision_weighted,test_recall_weighted,test_f1_weighted
20260320_153442__CNN__lr_0p01__ep_400__body__early_fusion,0.5265137235551304,0.8166189111747851,0.3922758849461873,0.8933333333333333,0.47673753060792623,0.8421052631578947,0.8526610644257703,0.8351282051282052,0.8376099736099736,0.8558712958867757,0.8421052631578947,0.8425524088681984
