run_name,train_loss_last,train_acc_last,val_loss_last,val_acc_last,test_loss,test_acc,test_precision_macro,test_recall_macro,test_f1_macro,test_precision_weighted,test_recall_weighted,test_f1_weighted
20260320_152934__CNN__lr_1e-04__ep_400__body+hand__early_fusion,0.084508462128547,0.9799426934097422,0.08605784505605697,0.9866666666666667,0.0945959289215113,0.9605263157894737,0.9608333333333334,0.9625,0.9603110599078342,0.9640350877192982,0.9605263157894737,0.9610417171962163
