{
  "go": {
    "precision": 0.8666666666666667,
    "recall": 1.0,
    "f1-score": 0.9285714285714286,
    "support": 13.0
  },
  "stop": {
    "precision": 1.0,
    "recall": 0.9333333333333333,
    "f1-score": 0.9655172413793104,
    "support": 15.0
  },
  "left": {
    "precision": 0.8421052631578947,
    "recall": 1.0,
    "f1-score": 0.9142857142857143,
    "support": 16.0
  },
  "right": {
    "precision": 1.0,
    "recall": 0.9375,
    "f1-score": 0.967741935483871,
    "support": 16.0
  },
  "null": {
    "precision": 0.9375,
    "recall": 1.0,
    "f1-score": 0.967741935483871,
    "support": 15.0
  },
  "sit": {
    "precision": 1.0,
    "recall": 0.75,
    "f1-score": 0.8571428571428571,
    "support": 16.0
  },
  "accuracy": 0.9340659340659341,
  "macro avg": {
    "precision": 0.9410453216374268,
    "recall": 0.9368055555555556,
    "f1-score": 0.9335001853911753,
    "support": 91.0
  },
  "weighted avg": {
    "precision": 0.9428884711779448,
    "recall": 0.9340659340659341,
    "f1-score": 0.9329345531315973,
    "support": 91.0
  }
}