{
  "run_name": "20260320_184755__ADDCLS_CNN__lr_1e-04__ep_400__body+hand__add_new_class__new_sit__n_1",
  "new_class_name": "sit",
  "new_class_train_samples": 1,
  "init_mode": "expand_from_checkpoint",
  "train_loss_last": 0.14083287034958517,
  "train_acc_last": 0.9829059829059829,
  "val_loss_last": 0.7782011230786642,
  "val_acc_last": 0.9,
  "test_loss": 0.8916447909323724,
  "test_acc": 0.9340659340659341,
  "test_precision_macro": 0.9410453216374268,
  "test_recall_macro": 0.9368055555555556,
  "test_f1_macro": 0.9335001853911753,
  "test_precision_weighted": 0.9428884711779448,
  "test_recall_weighted": 0.9340659340659341,
  "test_f1_weighted": 0.9329345531315973,
  "early_stopped": true,
  "best_epoch": 28
}