{
  "go": {
    "precision": 0.9772727272727273,
    "recall": 0.8775510204081632,
    "f1-score": 0.9247311827956989,
    "support": 49.0
  },
  "stop": {
    "precision": 0.8809523809523809,
    "recall": 0.7551020408163265,
    "f1-score": 0.8131868131868132,
    "support": 49.0
  },
  "left": {
    "precision": 0.18947368421052632,
    "recall": 0.33962264150943394,
    "f1-score": 0.24324324324324326,
    "support": 53.0
  },
  "right": {
    "precision": 0.0,
    "recall": 0.0,
    "f1-score": 0.0,
    "support": 49.0
  },
  "null": {
    "precision": 0.4032258064516129,
    "recall": 0.5102040816326531,
    "f1-score": 0.45045045045045046,
    "support": 49.0
  },
  "accuracy": 0.4939759036144578,
  "macro avg": {
    "precision": 0.4901849197774495,
    "recall": 0.4964959568733153,
    "f1-score": 0.48632233793524116,
    "support": 249.0
  },
  "weighted avg": {
    "precision": 0.4853542171980612,
    "recall": 0.4939759036144578,
    "f1-score": 0.48241745287994797,
    "support": 249.0
  }
}