{
  "run_name": "20260320_161723__CNN__lr_1e-04__ep_400__body+hand__early_fusion",
  "train_loss_last": 0.5679197306277759,
  "train_acc_last": 0.8882521489971347,
  "val_loss_last": 0.4838233923912048,
  "val_acc_last": 0.9333333333333333,
  "test_loss": 0.4370593256071994,
  "test_acc": 0.9078947368421053,
  "test_precision_macro": 0.9303571428571429,
  "test_recall_macro": 0.9009615384615385,
  "test_f1_macro": 0.9064436870888484,
  "test_precision_weighted": 0.9275140977443609,
  "test_recall_weighted": 0.9078947368421053,
  "test_f1_weighted": 0.9091211523299808
}