{
  "go": {
    "precision": 0.9803921568627451,
    "recall": 1.0,
    "f1-score": 0.9900990099009901,
    "support": 50.0
  },
  "stop": {
    "precision": 0.8541666666666666,
    "recall": 0.82,
    "f1-score": 0.8367346938775511,
    "support": 50.0
  },
  "left": {
    "precision": 0.6666666666666666,
    "recall": 0.037037037037037035,
    "f1-score": 0.07017543859649122,
    "support": 54.0
  },
  "right": {
    "precision": 0.9259259259259259,
    "recall": 1.0,
    "f1-score": 0.9615384615384616,
    "support": 50.0
  },
  "null": {
    "precision": 0.40816326530612246,
    "recall": 0.8,
    "f1-score": 0.5405405405405406,
    "support": 50.0
  },
  "accuracy": 0.7204724409448819,
  "macro avg": {
    "precision": 0.7670629362856254,
    "recall": 0.7314074074074073,
    "f1-score": 0.6798176288908069,
    "support": 254.0
  },
  "weighted avg": {
    "precision": 0.7654818926695788,
    "recall": 0.7204724409448819,
    "f1-score": 0.6702169644767232,
    "support": 254.0
  }
}