{
  "run_name": "20260320_190928__FT_CNN__lr_0p01__ep_200__body+hand__top_level_ft_sweep__n_5",
  "mode": "finetuning",
  "finetune_train_loss_last": 1.3102150440216065,
  "finetune_train_acc_last": 0.4,
  "finetune_val_loss_last": 0.7830994298138957,
  "finetune_val_acc_last": 0.7165354330708661,
  "val_loss": 0.7563436395070684,
  "val_acc": 0.7204724409448819,
  "val_precision_macro": 0.7670629362856254,
  "val_recall_macro": 0.7314074074074073,
  "val_f1_macro": 0.6798176288908069,
  "val_precision_weighted": 0.7654818926695788,
  "val_recall_weighted": 0.7204724409448819,
  "val_f1_weighted": 0.6702169644767232,
  "finetune_num_samples": 5,
  "early_stopped": true,
  "best_epoch": 45
}