{
  "go": {
    "precision": 1.0,
    "recall": 1.0,
    "f1-score": 1.0,
    "support": 31.0
  },
  "stop": {
    "precision": 0.9333333333333333,
    "recall": 0.9032258064516129,
    "f1-score": 0.9180327868852459,
    "support": 31.0
  },
  "left": {
    "precision": 1.0,
    "recall": 0.9411764705882353,
    "f1-score": 0.9696969696969697,
    "support": 34.0
  },
  "right": {
    "precision": 0.8648648648648649,
    "recall": 1.0,
    "f1-score": 0.927536231884058,
    "support": 32.0
  },
  "null": {
    "precision": 0.9655172413793104,
    "recall": 0.9032258064516129,
    "f1-score": 0.9333333333333333,
    "support": 31.0
  },
  "accuracy": 0.949685534591195,
  "macro avg": {
    "precision": 0.9527430879155018,
    "recall": 0.9495256166982923,
    "f1-score": 0.9497198643599214,
    "support": 159.0
  },
  "weighted avg": {
    "precision": 0.9530820345394192,
    "recall": 0.949685534591195,
    "f1-score": 0.9499572711746086,
    "support": 159.0
  }
}