{
  "go": {
    "precision": 1.0,
    "recall": 1.0,
    "f1-score": 1.0,
    "support": 35.0
  },
  "stop": {
    "precision": 0.9428571428571428,
    "recall": 0.9428571428571428,
    "f1-score": 0.9428571428571428,
    "support": 35.0
  },
  "left": {
    "precision": 0.9714285714285714,
    "recall": 0.8947368421052632,
    "f1-score": 0.9315068493150684,
    "support": 38.0
  },
  "right": {
    "precision": 0.8181818181818182,
    "recall": 1.0,
    "f1-score": 0.9,
    "support": 36.0
  },
  "null": {
    "precision": 1.0,
    "recall": 0.8571428571428571,
    "f1-score": 0.9230769230769231,
    "support": 35.0
  },
  "accuracy": 0.9385474860335196,
  "macro avg": {
    "precision": 0.9464935064935066,
    "recall": 0.9389473684210525,
    "f1-score": 0.939488183049827,
    "support": 179.0
  },
  "weighted avg": {
    "precision": 0.9461945875353697,
    "recall": 0.9385474860335196,
    "f1-score": 0.9391338133053906,
    "support": 179.0
  }
}