{
  "go": {
    "precision": 0.9285714285714286,
    "recall": 1.0,
    "f1-score": 0.9629629629629629,
    "support": 13.0
  },
  "stop": {
    "precision": 1.0,
    "recall": 0.9333333333333333,
    "f1-score": 0.9655172413793104,
    "support": 15.0
  },
  "left": {
    "precision": 1.0,
    "recall": 1.0,
    "f1-score": 1.0,
    "support": 16.0
  },
  "right": {
    "precision": 1.0,
    "recall": 0.9375,
    "f1-score": 0.967741935483871,
    "support": 16.0
  },
  "null": {
    "precision": 1.0,
    "recall": 1.0,
    "f1-score": 1.0,
    "support": 15.0
  },
  "sit": {
    "precision": 0.9411764705882353,
    "recall": 1.0,
    "f1-score": 0.9696969696969697,
    "support": 16.0
  },
  "accuracy": 0.978021978021978,
  "macro avg": {
    "precision": 0.9782913165266107,
    "recall": 0.9784722222222223,
    "f1-score": 0.977653184920519,
    "support": 91.0
  },
  "weighted avg": {
    "precision": 0.9794533197894543,
    "recall": 0.978021978021978,
    "f1-score": 0.9780252705725453,
    "support": 91.0
  }
}