{
  "run_name": "20260320_161939__CNN__lr_1e-04__ep_400__body+hand__early_fusion",
  "train_loss_last": 0.876138170674059,
  "train_acc_last": 0.7736389684813754,
  "val_loss_last": 0.7996690797805787,
  "val_acc_last": 0.8533333333333334,
  "test_loss": 0.7626159097018995,
  "test_acc": 0.8026315789473685,
  "test_precision_macro": 0.873076923076923,
  "test_recall_macro": 0.8038461538461539,
  "test_f1_macro": 0.7865090496226541,
  "test_precision_weighted": 0.8696862348178137,
  "test_recall_weighted": 0.8026315789473685,
  "test_f1_weighted": 0.7823011244802046
}