{
  "go": {
    "precision": 0.8666666666666667,
    "recall": 1.0,
    "f1-score": 0.9285714285714286,
    "support": 13.0
  },
  "stop": {
    "precision": 1.0,
    "recall": 0.875,
    "f1-score": 0.9333333333333333,
    "support": 16.0
  },
  "left": {
    "precision": 1.0,
    "recall": 0.9375,
    "f1-score": 0.967741935483871,
    "support": 16.0
  },
  "right": {
    "precision": 1.0,
    "recall": 0.9375,
    "f1-score": 0.967741935483871,
    "support": 16.0
  },
  "null": {
    "precision": 0.8823529411764706,
    "recall": 1.0,
    "f1-score": 0.9375,
    "support": 15.0
  },
  "accuracy": 0.9473684210526315,
  "macro avg": {
    "precision": 0.9498039215686275,
    "recall": 0.95,
    "f1-score": 0.9469777265745009,
    "support": 76.0
  },
  "weighted avg": {
    "precision": 0.9539731682146543,
    "recall": 0.9473684210526315,
    "f1-score": 0.9478289978979708,
    "support": 76.0
  }
}