run_name,train_loss_last,train_acc_last,val_loss_last,val_acc_last,test_loss,test_acc,test_precision_macro,test_recall_macro,test_f1_macro,test_precision_weighted,test_recall_weighted,test_f1_weighted
20260320_161610__CNN__lr_3e-04__ep_400__body+hand__early_fusion,0.2100797492402331,0.9656160458452722,0.18138287087281546,0.96,0.1718663185050613,0.9473684210526315,0.9498039215686275,0.95,0.9469777265745009,0.9539731682146543,0.9473684210526315,0.9478289978979708
