{
  "run_name": "20260320_160815__CNN__lr_3e-04__ep_400__hand__early_fusion",
  "train_loss_last": 0.0943018730761841,
  "train_acc_last": 0.9713467048710601,
  "val_loss_last": 0.17526251797874767,
  "val_acc_last": 0.9466666666666667,
  "test_loss": 0.15386860974525152,
  "test_acc": 0.9736842105263158,
  "test_precision_macro": 0.9757352941176471,
  "test_recall_macro": 0.9721153846153847,
  "test_f1_macro": 0.9730361681329424,
  "test_precision_weighted": 0.975280572755418,
  "test_recall_weighted": 0.9736842105263158,
  "test_f1_weighted": 0.9736204146730463
}