run_name,train_loss_last,train_acc_last,val_loss_last,val_acc_last,test_loss,test_acc,test_precision_macro,test_recall_macro,test_f1_macro,test_precision_weighted,test_recall_weighted,test_f1_weighted
20260320_160815__CNN__lr_3e-04__ep_400__hand__early_fusion,0.0943018730761841,0.9713467048710601,0.17526251797874767,0.9466666666666667,0.15386860974525152,0.9736842105263158,0.9757352941176471,0.9721153846153847,0.9730361681329424,0.975280572755418,0.9736842105263158,0.9736204146730463
