run_name,train_loss_last,train_acc_last,val_loss_last,val_acc_last,test_loss,test_acc,test_precision_macro,test_recall_macro,test_f1_macro,test_precision_weighted,test_recall_weighted,test_f1_weighted
20260320_162017__CNN__lr_1e-04__ep_400__body+hand__early_fusion,0.5354656896481883,0.9083094555873925,0.4564879012107849,0.9466666666666667,0.4063751634798552,0.9078947368421053,0.9069467787114845,0.9067307692307693,0.9053016726403824,0.9120558749815716,0.9078947368421053,0.9084498600892914
