{
  "go": {
    "precision": 1.0,
    "recall": 1.0,
    "f1-score": 1.0,
    "support": 35.0
  },
  "stop": {
    "precision": 0.9393939393939394,
    "recall": 0.8857142857142857,
    "f1-score": 0.9117647058823529,
    "support": 35.0
  },
  "left": {
    "precision": 0.9722222222222222,
    "recall": 0.9210526315789473,
    "f1-score": 0.9459459459459459,
    "support": 38.0
  },
  "right": {
    "precision": 0.8372093023255814,
    "recall": 1.0,
    "f1-score": 0.9113924050632911,
    "support": 36.0
  },
  "null": {
    "precision": 0.9375,
    "recall": 0.8571428571428571,
    "f1-score": 0.8955223880597015,
    "support": 35.0
  },
  "accuracy": 0.9329608938547486,
  "macro avg": {
    "precision": 0.9372650927883488,
    "recall": 0.9327819548872179,
    "f1-score": 0.9329250889902584,
    "support": 179.0
  },
  "weighted avg": {
    "precision": 0.9372919955695713,
    "recall": 0.9329608938547486,
    "f1-score": 0.9330230213195325,
    "support": 179.0
  }
}