{
  "go": {
    "precision": 0.9444444444444444,
    "recall": 0.7906976744186046,
    "f1-score": 0.8607594936708861,
    "support": 43.0
  },
  "stop": {
    "precision": 0.8571428571428571,
    "recall": 0.8372093023255814,
    "f1-score": 0.8470588235294118,
    "support": 43.0
  },
  "left": {
    "precision": 0.20481927710843373,
    "recall": 0.3617021276595745,
    "f1-score": 0.26153846153846155,
    "support": 47.0
  },
  "right": {
    "precision": 0.0,
    "recall": 0.0,
    "f1-score": 0.0,
    "support": 43.0
  },
  "null": {
    "precision": 0.40816326530612246,
    "recall": 0.46511627906976744,
    "f1-score": 0.43478260869565216,
    "support": 43.0
  },
  "accuracy": 0.4885844748858447,
  "macro avg": {
    "precision": 0.4829139688003715,
    "recall": 0.49094507669470555,
    "f1-score": 0.48082787748688227,
    "support": 219.0
  },
  "weighted avg": {
    "precision": 0.4778346137009754,
    "recall": 0.4885844748858447,
    "f1-score": 0.47682259135083804,
    "support": 219.0
  }
}