{
  "run_name": "20260320_190845__FT_CNN__lr_1e-04__ep_15__body+hand__top_level_ft_sweep__n_40",
  "mode": "finetuning",
  "finetune_train_loss_last": 1.6478417694568634,
  "finetune_train_acc_last": 0.375,
  "finetune_val_loss_last": 1.3445365517378942,
  "finetune_val_acc_last": 0.4885844748858447,
  "val_loss": 1.3445365517378942,
  "val_acc": 0.4885844748858447,
  "val_precision_macro": 0.4829139688003715,
  "val_recall_macro": 0.49094507669470555,
  "val_f1_macro": 0.48082787748688227,
  "val_precision_weighted": 0.4778346137009754,
  "val_recall_weighted": 0.4885844748858447,
  "val_f1_weighted": 0.47682259135083804,
  "finetune_num_samples": 40,
  "early_stopped": false,
  "best_epoch": 15
}