{
  "go": {
    "precision": 0.9545454545454546,
    "recall": 1.0,
    "f1-score": 0.9767441860465116,
    "support": 84.0
  },
  "stop": {
    "precision": 1.0,
    "recall": 0.978494623655914,
    "f1-score": 0.9891304347826086,
    "support": 93.0
  },
  "left": {
    "precision": 0.9895833333333334,
    "recall": 0.9895833333333334,
    "f1-score": 0.9895833333333334,
    "support": 96.0
  },
  "right": {
    "precision": 1.0,
    "recall": 0.9787234042553191,
    "f1-score": 0.989247311827957,
    "support": 94.0
  },
  "null": {
    "precision": 1.0,
    "recall": 1.0,
    "f1-score": 1.0,
    "support": 93.0
  },
  "accuracy": 0.9891304347826086,
  "macro avg": {
    "precision": 0.9888257575757576,
    "recall": 0.9893602722489133,
    "f1-score": 0.9889410531980822,
    "support": 460.0
  },
  "weighted avg": {
    "precision": 0.9895256916996048,
    "recall": 0.9891304347826086,
    "f1-score": 0.9891845421185165,
    "support": 460.0
  }
}