{
  "run_name": "20260320_171334__FT_CNN__lr_1e-04__ep_15__body+hand__classifier_head_only__n_40",
  "finetune_train_loss_last": 0.36399302519857885,
  "finetune_train_acc_last": 0.95,
  "finetune_val_loss_last": 0.05758830334626786,
  "finetune_val_acc_last": 0.9891304347826086,
  "val_loss": 0.05476543657866347,
  "val_acc": 0.9891304347826086,
  "val_precision_macro": 0.9888257575757576,
  "val_recall_macro": 0.9893602722489133,
  "val_f1_macro": 0.9889410531980822,
  "val_precision_weighted": 0.9895256916996048,
  "val_recall_weighted": 0.9891304347826086,
  "val_f1_weighted": 0.9891845421185165,
  "finetune_num_samples": 40
}