{
  "go": {
    "precision": 1.0,
    "recall": 1.0,
    "f1-score": 1.0,
    "support": 31.0
  },
  "stop": {
    "precision": 0.9310344827586207,
    "recall": 0.8709677419354839,
    "f1-score": 0.9,
    "support": 31.0
  },
  "left": {
    "precision": 1.0,
    "recall": 0.9705882352941176,
    "f1-score": 0.9850746268656716,
    "support": 34.0
  },
  "right": {
    "precision": 0.8888888888888888,
    "recall": 1.0,
    "f1-score": 0.9411764705882353,
    "support": 32.0
  },
  "null": {
    "precision": 0.9333333333333333,
    "recall": 0.9032258064516129,
    "f1-score": 0.9180327868852459,
    "support": 31.0
  },
  "accuracy": 0.949685534591195,
  "macro avg": {
    "precision": 0.9506513409961685,
    "recall": 0.9489563567362429,
    "f1-score": 0.9488567768678307,
    "support": 159.0
  },
  "weighted avg": {
    "precision": 0.9511940046748113,
    "recall": 0.949685534591195,
    "f1-score": 0.949491828715088,
    "support": 159.0
  }
}