{
  "run_name": "20260320_153322__CNN__lr_0p01__ep_400__hand__early_fusion",
  "train_loss_last": 0.07653485943048254,
  "train_acc_last": 0.9828080229226361,
  "val_loss_last": 0.20543600132068,
  "val_acc_last": 0.9333333333333333,
  "test_loss": 0.17002622096946365,
  "test_acc": 0.9473684210526315,
  "test_precision_macro": 0.9559210526315789,
  "test_recall_macro": 0.9442307692307693,
  "test_f1_macro": 0.9468356374807987,
  "test_precision_weighted": 0.9544234764542936,
  "test_recall_weighted": 0.9473684210526315,
  "test_f1_weighted": 0.9477514350392109
}