run_name,train_loss_last,train_acc_last,val_loss_last,val_acc_last,test_loss,test_acc,test_precision_macro,test_recall_macro,test_f1_macro,test_precision_weighted,test_recall_weighted,test_f1_weighted
20260320_153322__CNN__lr_0p01__ep_400__hand__early_fusion,0.07653485943048254,0.9828080229226361,0.20543600132068,0.9333333333333333,0.17002622096946365,0.9473684210526315,0.9559210526315789,0.9442307692307693,0.9468356374807987,0.9544234764542936,0.9473684210526315,0.9477514350392109
